{"cameraMode":{"drawMode":0,"name":"Shaded","section":"Shading Mode"},"sceneLighting":true,"audioPlay":false,"sceneViewState":{"m_AlwaysRefresh":false,"showFog":true,"showSkybox":true,"showFlares":true,"showImageEffects":true,"showParticleSystems":true,"showVisualEffectGraphs":true,"m_FxEnabled":true},"in2DMode":false,"pivot":{"x":0.05949807167053223,"y":0.29652491211891177,"z":0.19476783275604249},"rotation":{"x":-0.09607995301485062,"y":0.5480595827102661,"z":-0.06364815682172775,"w":-0.8285138010978699},"size":2.666025161743164,"orthographic":false}