{"cameraMode":{"drawMode":0,"name":"Shaded","section":"Shading Mode"},"sceneLighting":true,"audioPlay":false,"sceneViewState":{"m_AlwaysRefresh":false,"showFog":true,"showSkybox":true,"showFlares":true,"showImageEffects":true,"showParticleSystems":true,"showVisualEffectGraphs":true,"m_FxEnabled":true},"in2DMode":false,"pivot":{"x":-39.72026443481445,"y":2.7239582538604738,"z":-22.57318878173828},"rotation":{"x":-0.00030141626484692097,"y":0.9974470138549805,"z":0.00002216683242295403,"w":-0.07401902228593826},"size":35.065608978271487,"orthographic":false}